trade_date,main_net_in
20190102,-393370.0
20190103,5596320.0
20190104,190940.0
20190107,2408120.0
20190108,-3829540.0
20190109,-1629950.0
20190110,-1699720.0
20190111,-1122160.0
20190114,-1620900.0
20190115,857210.0
20190116,-1698060.0
20190117,-1216940.0
20190118,113530.0
20190121,783960.0
20190122,-1982370.0
20190123,-710020.0
20190124,623740.0
20190125,2031770.0
20190128,663580.0
20190129,-2177760.0
20190130,-750570.0
20190131,-396310.0
20190201,2961780.0
20190211,1186860.0
20190212,1911470.0
20190213,7252680.0
20190214,-375600.0
20190215,-3258120.0
20190218,3957070.0
20190219,-4039860.0
20190220,578640.0
20190221,-4538450.0
20190222,1002100.0
20190225,8683010.0
20190226,-3669580.0
20190227,-7174270.0
20190228,-5647310.0
20190301,-295960.0
20190304,3270510.0
20190305,1863500.0
20190306,-6629880.0
20190307,-2732900.0
20190308,-4552220.0
20190311,8030830.0
20190312,-1850500.0
20190313,-3921830.0
20190314,-10233520.0
20190315,-5485770.0
20190318,-1906560.0
20190319,8154650.0
20190320,-7980630.0
20190321,-5826960.0
20190322,1002740.0
20190325,7190270.0
20190326,-17169330.0
20190327,-7567350.0
20190328,-3228460.0
20190329,3935010.0
20190401,-365800.0
20190402,-10257360.0
20190403,-3527570.0
20190404,-1351830.0
20190408,-6449860.0
20190409,-2030690.0
20190410,-5078140.0
20190411,-2115790.0
20190412,-3411910.0
20190415,210260.0
20190416,388580.0
20190417,4356950.0
20190418,1215530.0
20190419,-6910030.0
20190422,-1493920.0
20190423,-5326630.0
20190424,-2175660.0
20190425,-2693570.0
20190426,-1335390.0
20190429,-3052570.0
20190430,-1441690.0
20190506,-6623110.0
20190507,-2683390.0
20190508,409320.0
20190509,323690.0
20190510,3824050.0
20190513,-4277070.0
20190514,874630.0
20190515,-2109610.0
20190516,2869200.0
20190517,-153610.0
20190520,4827190.0
20190521,-483270.0
20190522,-791510.0
20190523,-1706120.0
20190524,-3903300.0
20190527,430500.0
20190528,-2328950.0
20190529,-546730.0
20190530,-2614720.0
20190531,1165350.0
20190603,-3103080.0
20190604,-3137280.0
20190605,-1407110.0
20190606,-429110.0
20190610,1331600.0
20190611,3705870.0
20190612,-233390.0
20190613,-873520.0
20190614,299340.0
20190617,-1496520.0
20190618,303120.0
20190619,1415140.0
20190620,3686800.0
20190621,3601240.0
20190624,1693210.0
20190625,1252260.0
20190626,933710.0
20190627,1561700.0
20190628,-3104330.0
20190701,-128450.0
20190702,-1867680.0
20190703,-168740.0
20190704,2323040.0
20190705,-1675310.0
20190708,-3370730.0
20190709,-971900.0
20190710,-2628530.0
20190711,-330410.0
20190712,194060.0
20190715,2155460.0
20190716,-1595060.0
20190717,1288150.0
20190718,-3553900.0
20190719,119060.0
20190722,-4130520.0
20190723,616630.0
20190724,6430420.0
20190725,-337620.0
20190726,5559760.0
20190729,-1982750.0
20190730,-330480.0
20190731,-68750.0
20190801,-4341140.0
20190802,-6841670.0
20190805,-873280.0
20190806,-284470.0
20190807,-174010.0
20190808,1736340.0
20190809,-7459140.0
20190812,-660020.0
20190813,79450.0
20190814,313930.0
20190815,-1380700.0
20190816,-1076830.0
20190819,3816630.0
20190820,-1881050.0
20190821,-1345330.0
20190822,5332380.0
20190823,-1755270.0
20190826,-368910.0
20190827,-1827270.0
20190828,-420940.0
20190829,-1485510.0
20190830,-2634950.0
20190902,14647880.0
20190903,9511540.0
20190904,-6268050.0
20190905,3969690.0
20190906,-6284810.0
20190909,1238580.0
20190910,-11220670.0
20190911,1771210.0
20190912,-6868610.0
20190916,-1871400.0
20190917,-6364560.0
20190918,-2507820.0
20190919,53850.0
20190920,-10407280.0
20190923,-3705410.0
20190924,-1307480.0
20190925,-5469150.0
20190926,-5141000.0
20190927,-579280.0
20190930,-301530.0
20191008,-1800980.0
20191009,-1163490.0
20191010,-1314610.0
20191011,-4451570.0
20191014,2019160.0
20191015,-2934470.0
20191016,-776580.0
20191017,-985530.0
20191018,-5065470.0
20191021,-977980.0
20191022,-2110300.0
20191023,-2125190.0
20191024,-701450.0
20191025,1360550.0
20191028,716130.0
20191029,-7202810.0
20191030,-4352670.0
20191031,-1549550.0
20191101,-925460.0
20191104,821970.0
20191105,-2665130.0
20191106,21851620.0
20191107,-16711490.0
20191108,-8233550.0
20191111,-3412250.0
20191112,-1120880.0
20191113,-1178570.0
20191114,-2598630.0
20191115,-5070470.0
20191118,-1958980.0
20191119,565730.0
20191120,-3705560.0
20191121,2403580.0
20191122,-105840.0
20191125,-879710.0
20191126,3911410.0
20191127,-1136490.0
20191128,-1713840.0
20191129,1022350.0
20191202,-1150140.0
20191203,2284120.0
20191204,930960.0
20191205,40410.0
20191206,-1562510.0
20191209,-2209680.0
20191210,-4205100.0
20191211,2679070.0
20191212,-1304370.0
20191213,-1314540.0
20191216,9608100.0
20191217,596060.0
20191218,-1424050.0
20191219,882170.0
20191220,-6645400.0
20191223,-1783000.0
20191224,1008230.0
20191225,-1591740.0
20191226,-1041470.0
20191227,-4578180.0
20191230,400900.0
20191231,-448000.0
20200102,-267800.0
20200103,3967800.0
20200106,-4424960.0
20200107,-1638200.0
20200108,149090.0
20200109,-2185030.0
20200110,-2740680.0
20200113,-2879930.0
20200114,3179430.0
20200115,-8831270.0
20200116,368680.0
20200117,504910.0
20200120,1368560.0
20200121,-1629960.0
20200122,866800.0
20200123,24800.0
20200203,-2286100.0
20200204,-961720.0
20200205,-3725330.0
20200206,5455400.0
20200207,2682290.0
20200210,-630210.0
20200211,-3974670.0
20200212,668100.0
20200213,-1942980.0
20200214,-1183690.0
20200217,7848850.0
20200218,-9812230.0
20200219,-1166580.0
20200220,153690.0
20200221,12149020.0
20200224,-878080.0
20200225,3458130.0
20200226,9960340.0
20200227,14367680.0
20200228,-11689950.0
20200302,22126800.0
20200303,26937520.0
20200304,44420.0
20200305,-12722460.0
20200306,-8157880.0
20200309,-18993720.0
20200310,5701040.0
20200311,-3907900.0
20200312,-1643710.0
20200313,-3298860.0
20200316,-12134740.0
20200317,-1110100.0
20200318,-6398890.0
20200319,2916610.0
20200320,802050.0
20200323,-6166960.0
20200324,1484410.0
20200325,-896240.0
20200326,-7897440.0
20200327,-1239110.0
20200330,-3954460.0
20200331,-18045150.0
20200401,-6133350.0
20200402,1758770.0
20200403,-3501460.0
20200407,2649500.0
20200408,5149450.0
20200409,397900.0
20200410,-650320.0
20200413,-587190.0
20200414,1054000.0
20200415,-3733250.0
20200416,5478590.0
20200417,9408780.0
20200420,-3242690.0
20200421,-6210070.0
20200422,-1859420.0
20200423,5352080.0
20200424,-5660230.0
20200427,-5301610.0
20200428,972960.0
20200429,1572160.0
20200430,17038980.0
20200506,6724900.0
20200507,1723200.0
20200508,-1509100.0
20200511,3694720.0
20200512,79670.0
20200513,-3534450.0
20200514,-2024540.0
20200515,-1906640.0
20200518,10993510.0
20200519,-1107650.0
20200520,-11412250.0
20200521,-3269440.0
20200522,-3481440.0
20200525,-1519920.0
20200526,51090.0
20200527,1288090.0
20200528,-1033800.0
20200529,-2714550.0
20200601,2015300.0
20200602,5761560.0
20200603,780600.0
20200604,-4353260.0
20200605,-956550.0
20200608,2086780.0
20200609,-1428590.0
20200610,-2654440.0
20200611,1014000.0
20200612,-2123090.0
20200615,-2679720.0
20200616,1173540.0
20200617,2784610.0
20200618,-4825440.0
20200619,-1505510.0
20200622,1815210.0
20200623,17473160.0
20200624,5584820.0
20200629,-2664290.0
20200630,-242350.0
20200701,13341890.0
20200702,8456220.0
20200703,-2887800.0
20200706,30735520.0
20200707,5309170.0
20200708,8200120.0
20200709,-19326950.0
20200710,-26024220.0
20200713,9333580.0
20200714,1054950.0
20200715,-2788030.0
20200716,-7389740.0
20200717,2532070.0
20200720,3309680.0
20200721,-27983900.0
20200722,-12426800.0
20200723,6519200.0
20200724,-68920.0
20200727,-8398130.0
20200728,7991070.0
20200729,3195130.0
20200730,506700.0
20200731,-5820540.0
20200803,27687260.0
20200804,-27108220.0
20200805,-16160.0
20200806,-2053970.0
20200807,-13109160.0
20200810,-15768160.0
20200811,-5878020.0
20200812,-12617210.0
20200813,3651250.0
20200814,45412230.0
20200817,-25265880.0
20200818,-1724220.0
20200819,-504200.0
20200820,-12563010.0
20200821,-3613970.0
20200824,5823560.0
20200825,-10140390.0
20200826,-8231300.0
20200827,1948580.0
20200828,502350.0
20200831,-3956660.0
20200901,4020450.0
20200902,-4273710.0
20200903,-1485590.0
20200904,-4549590.0
20200907,-8914240.0
20200908,-184090.0
20200909,2092410.0
20200910,-9557050.0
20200911,-9839340.0
20200914,-1548960.0
20200915,1799100.0
20200916,-335670.0
20200917,-2193450.0
20200918,4068740.0
20200921,1319680.0
20200922,-2871950.0
20200923,31320.0
20200924,-5076990.0
20200925,-579640.0
20200928,-2487060.0
20200929,1880690.0
20200930,639710.0
20201009,-1412580.0
20201012,35949750.0
20201013,1078070.0
20201014,3712610.0
20201015,9532510.0
20201016,-13120540.0
20201019,-4090420.0
20201020,-344480.0
20201021,-16478550.0
20201022,-1290030.0
20201023,-3465390.0
20201026,880720.0
20201027,3582550.0
20201028,-181250.0
20201029,2095390.0
20201030,4238260.0
20201102,6005980.0
20201103,12789060.0
20201104,1739810.0
20201105,-6638940.0
20201106,-8579100.0
20201109,1622380.0
20201110,-3722200.0
20201111,-512180.0
20201112,-8354370.0
20201113,22315070.0
20201116,-7712500.0
20201117,-18821930.0
20201118,3160390.0
20201119,44618400.0
20201120,-16678740.0
20201123,-2767260.0
20201124,2596360.0
20201125,-24145870.0
20201126,10367910.0
20201127,-30336510.0
20201130,-2934300.0
20201201,7923870.0
20201202,16874440.0
20201203,-32377650.0
20201204,-14649960.0
20201207,-9814960.0
20201208,-10603560.0
20201209,-9188150.0
20201210,-6662860.0
20201211,-17519140.0
20201214,73950.0
20201215,-3685670.0
20201216,8614110.0
20201217,-5228080.0
20201218,-7924090.0
20201221,17707780.0
20201222,-9672950.0
20201223,33304050.0
20201224,-18678310.0
20201225,-2385460.0
20201228,-9197510.0
20201229,9164680.0
20201230,17323240.0
20201231,3004600.0
20210104,-18192820.0
20210105,-37313470.0
20210106,3084990.0
20210107,733390.0
20210108,-31318540.0
20210111,3657400.0
20210112,-23542090.0
20210113,-45600180.0
20210114,-66131820.0
20210115,-18658320.0
20210118,-5702340.0
20210119,-11797260.0
20210120,1949470.0
20210121,-6016330.0
20210122,836390.0
20210125,3706240.0
20210126,-53305460.0
20210127,-13648400.0
20210128,-5029150.0
20210129,-22849960.0
20210201,-3068000.0
20210202,19143760.0
20210203,3848540.0
20210204,-8767420.0
20210205,-7693090.0
20210208,-4133150.0
20210209,619730.0
20210210,-10093380.0
20210218,-4427440.0
20210219,-1883170.0
20210222,-18441990.0
20210223,6103800.0
20210224,-3539980.0
20210225,5200640.0
20210226,-13376320.0
20210301,-959040.0
20210302,4294740.0
20210303,-6205070.0
20210304,4147350.0
20210305,-7838210.0
20210308,-43375320.0
20210309,-29019910.0
20210310,-13749660.0
20210311,-1046400.0
20210312,-4586570.0
20210315,-3129250.0
20210316,-9959680.0
20210317,1845440.0
20210318,175010.0
20210319,-9266380.0
20210322,-5840960.0
20210323,-10202420.0
20210324,-8094390.0
20210325,-985110.0
20210326,114130.0
20210329,1066750.0
20210330,2017430.0
20210331,-14622340.0
20210401,1202720.0
20210402,-642290.0
20210406,4436480.0
20210407,-2066280.0
20210408,810010.0
20210409,-1666560.0
20210412,-7160670.0
20210413,-1270070.0
20210414,2320770.0
20210415,764750.0
20210416,963050.0
20210419,2903930.0
20210420,4066090.0
20210421,707410.0
20210422,611350.0
20210423,1084300.0
20210426,-152030.0
20210427,-5473480.0
20210428,-561410.0
20210429,7137760.0
20210430,-14945360.0
20210506,1270630.0
20210507,-1697800.0
20210510,-10345050.0
20210511,-1546850.0
20210512,-2842380.0
20210513,1938900.0
20210514,9954470.0
20210517,-3380010.0
20210518,4438210.0
20210519,-3460630.0
20210520,-4047780.0
20210521,-8632430.0
20210524,-4979280.0
20210525,10237760.0
20210526,-4880360.0
20210527,2137660.0
20210528,502770.0
20210531,2446830.0
20210601,-12271770.0
20210602,-13220220.0
20210603,-14488010.0
20210604,-719140.0
20210607,-8805700.0
20210608,-5982280.0
20210609,501660.0
20210610,-4646010.0
20210611,-23702140.0
20210615,-5030670.0
20210616,-9477660.0
20210617,-11724780.0
20210618,-1378300.0
20210621,3648170.0
20210622,-4535820.0
20210623,-1272600.0
20210624,-11091260.0
20210625,3120150.0
20210628,4203200.0
20210629,-11499030.0
20210630,-5625860.0
20210701,-19656320.0
20210702,-12257070.0
20210705,-2798490.0
20210706,-2638710.0
20210707,10772880.0
20210708,-5765570.0
20210709,-4801690.0
20210712,-2987800.0
20210713,-13079260.0
20210714,-10210930.0
20210715,1241680.0
20210716,60235470.0
20210719,-9286490.0
20210720,4071360.0
20210721,6584510.0
20210722,-13572860.0
20210723,7480780.0
20210726,14916920.0
20210727,23469940.0
20210728,1867920.0
20210729,19384730.0
20210730,23685600.0
20210802,55313560.0
20210803,-25370570.0
20210804,14804710.0
20210805,37519030.0
20210806,-28708690.0
20210809,-22885640.0
20210810,23022510.0
20210811,-2741520.0
20210812,-72801440.0
20210813,-31426900.0
20210816,4141670.0
20210817,-7318690.0
20210818,2316580.0
20210819,13631460.0
20210820,-14175460.0
20210823,26890500.0
20210824,-59968360.0
20210825,-15189670.0
20210826,-26968660.0
20210827,-29285230.0
20210830,-7252760.0
20210831,-18789980.0
20210901,-18053280.0
20210902,1887200.0
20210903,-12148780.0
20210906,2874360.0
20210907,-5830680.0
20210908,-3300920.0
20210909,60047610.0
20210910,12466560.0
20210913,13437530.0
20210914,3394060.0
20210915,90010.0
20210916,-8656920.0
20210917,-30214070.0
20210922,-417350.0
20210923,41990690.0
20210924,-21710900.0
20210927,-34501680.0
20210928,11597530.0
20210929,-28969410.0
20210930,-21586370.0
20211008,-19277610.0
20211011,-4106740.0
20211012,-16447200.0
20211013,-8188390.0
20211014,2964130.0
20211015,-4217890.0
20211018,1706930.0
20211019,3818240.0
20211020,17588710.0
20211021,-1488890.0
20211022,-260310.0
20211025,743290.0
20211026,-2186490.0
20211027,-2735180.0
20211028,-9674500.0
20211029,8343680.0
20211101,11447910.0
20211102,15192910.0
20211103,3467310.0
20211104,14506470.0
20211105,-5775240.0
20211108,-1005960.0
20211109,10099910.0
20211110,-10403640.0
20211111,4515690.0
20211112,13639740.0
20211115,4691680.0
20211116,-45351900.0
20211117,14772490.0
20211118,24428840.0
20211119,17674760.0
20211122,24973610.0
20211123,4963990.0
20211124,1260850.0
20211125,-6008300.0
20211126,8975490.0
20211129,29805730.0
20211130,1112210.0
20211201,-1030150.0
20211202,4643770.0
20211203,11057140.0
20211206,-12813430.0
20211207,-53581720.0
20211208,-15323140.0
20211209,-15527860.0
20211210,6927500.0
20211213,-4542510.0
20211214,6512260.0
20211215,-11907610.0
20211216,-3528420.0
20211217,-14718040.0
20211220,-14861290.0
20211221,-5418650.0
20211222,8618470.0
20211223,-5069490.0
20211224,272130.0
20211227,10.0
20211228,-6436880.0
20211229,3141740.0
20211230,17393740.0
20211231,1436990.0
20220104,27447790.0
20220105,-16174140.0
20220106,-7080020.0
20220107,-5197200.0
20220110,-23215460.0
20220111,-30286790.0
20220112,-5304410.0
20220113,-26997130.0
20220114,7153760.0
20220117,7502660.0
20220118,3981910.0
20220119,-21907830.0
20220120,-5806500.0
20220121,-21957250.0
20220124,1228000.0
20220125,-5337670.0
20220126,-10591230.0
20220127,-4952880.0
20220128,-4102260.0
20220207,-632880.0
20220208,15785480.0
20220209,19392370.0
20220210,890560.0
20220211,-11365790.0
20220214,4935030.0
20220215,11787990.0
20220216,3288320.0
20220217,2987780.0
20220218,5170250.0
20220221,-1765520.0
20220222,-4359920.0
20220223,27498340.0
20220224,1415910.0
20220225,-997710.0
20220228,175930.0
20220301,17647900.0
20220302,-3125870.0
20220303,-8781190.0
20220304,-20794020.0
20220307,-1963090.0
20220308,7209170.0
20220309,-16123880.0
20220310,4589740.0
20220311,-13153490.0
20220314,-2290940.0
20220315,-7555700.0
20220316,-3370920.0
20220317,4629930.0
20220318,-1742210.0
20220321,-8223420.0
20220322,391210.0
20220323,2065490.0
20220324,-704530.0
20220325,2858530.0
20220328,1720170.0
20220329,20881610.0
20220330,-5014110.0
20220331,-4381370.0
20220401,-11431850.0
20220406,-18765480.0
20220407,-10536240.0
20220408,-8582480.0
20220411,-5680810.0
20220412,-2313230.0
20220413,-1343540.0
20220414,882580.0
20220415,-2942090.0
20220418,12479400.0
20220419,3071920.0
20220420,-3635690.0
20220421,-3284810.0
20220422,-7158820.0
20220425,-20706730.0
20220426,-25979280.0
20220427,-3828430.0
20220428,-4871690.0
20220429,-2014270.0
20220505,7990.0
20220506,-3596510.0
20220509,3962610.0
20220510,-2843580.0
20220511,4668680.0
20220512,277920.0
20220513,-3800460.0
20220516,3192370.0
20220517,5316820.0
20220518,4439610.0
20220519,-4676350.0
20220520,2581830.0
20220523,-2612890.0
20220524,-10406050.0
20220525,449970.0
20220526,8104850.0
20220527,-4371220.0
20220530,-4323090.0
20220531,4141110.0
20220601,5698010.0
20220602,2617410.0
20220606,-4546270.0
20220607,-9282480.0
20220608,-1778240.0
20220609,-9325020.0
20220610,7428710.0
20220613,-14018110.0
20220614,-7700520.0
20220615,8565510.0
20220616,-649320.0
20220617,-4368320.0
20220620,1737390.0
20220621,-8748450.0
20220622,-2857790.0
20220623,18479660.0
20220624,8966350.0
20220627,-3280810.0
20220628,21865010.0
20220629,1169610.0
20220630,-9226750.0
20220701,-10324820.0
20220704,-256450.0
20220705,8453190.0
20220706,-2404350.0
20220707,20445080.0
20220708,448250.0
20220711,-8432990.0
20220712,-4798900.0
20220713,-8227660.0
20220714,20998010.0
20220715,-574960.0
20220718,-3458220.0
20220719,9205170.0
20220720,26469520.0
20220721,-14101640.0
20220722,-2154450.0
20220725,-28589730.0
20220726,-10387370.0
20220727,-6898190.0
20220728,5922290.0
20220729,-20407910.0
20220801,-2330000.0
20220802,-8373060.0
20220803,8520540.0
20220804,-10057430.0
20220805,-11753900.0
20220808,12714070.0
20220809,6917770.0
20220810,-6645660.0
20220811,-3264900.0
20220812,-7541620.0
20220815,-4902140.0
20220816,-9431920.0
20220817,2173200.0
20220818,-5001620.0
20220819,-1400250.0
20220822,-3723970.0
20220823,-5524830.0
20220824,-21495390.0
20220825,-20804620.0
20220826,-11882870.0
20220829,-170210.0
20220830,-953380.0
20220831,-7390160.0
20220901,-12471340.0
20220902,-13811610.0
20220905,-5620780.0
20220906,16320430.0
20220907,4697300.0
20220908,13307020.0
20220909,-1873570.0
20220913,2164070.0
20220914,-1018240.0
20220915,-17875320.0
20220916,394670.0
20220919,-6914800.0
20220920,-2551910.0
20220921,5361790.0
20220922,-6843640.0
20220923,10440840.0
20220926,-15346230.0
20220927,-11642410.0
20220928,-9161680.0
20220929,-3479240.0
20220930,-16839010.0
20221010,-7821200.0
20221011,-4832360.0
20221012,-1019670.0
20221013,1719970.0
20221014,-386240.0
20221017,81890.0
20221018,-1373470.0
20221019,-737330.0
20221020,-8758200.0
20221021,-3103720.0
20221024,16702800.0
20221025,13317500.0
20221026,3912980.0
20221027,2728340.0
20221028,-7078910.0
20221031,4737200.0
20221101,-20912190.0
20221102,14863010.0
20221103,2892760.0
20221104,4228120.0
20221107,-4774900.0
20221108,-684950.0
20221109,-3997290.0
20221110,-7026420.0
20221111,-1663070.0
20221114,-2868560.0
20221115,1565660.0
20221116,6287330.0
20221117,7160580.0
20221118,-7510670.0
20221121,2473590.0
20221122,2812010.0
20221123,-2674810.0
20221124,-7708750.0
20221125,-5413560.0
20221128,-6318560.0
20221129,2049640.0
20221130,1620730.0
20221201,1302110.0
20221202,-4366550.0
20221205,-673940.0
20221206,3390550.0
20221207,-14978810.0
20221208,-5914520.0
20221209,-9774040.0
20221212,-3391350.0
20221213,-4549090.0
20221214,1098540.0
20221215,-409460.0
20221216,-4587330.0
20221219,-1917020.0
20221220,-175350.0
20221221,-1561640.0
20221222,-14099670.0
20221223,-2807440.0
20221226,-1163350.0
20221227,397130.0
20221228,-1665050.0
20221229,9168010.0
20221230,4713730.0
20230103,1436840.0
20230104,-2948350.0
20230105,-1322020.0
20230106,-4490570.0
20230109,-11439470.0
20230110,-4771860.0
20230111,-1620290.0
20230112,648720.0
20230113,-1479240.0
20230116,-3397770.0
20230117,624350.0
20230118,-1854740.0
20230119,5335720.0
20230120,29630.0
20230130,639990.0
20230131,-106870.0
20230201,1632820.0
20230202,-13634080.0
20230203,4348340.0
20230206,-3080120.0
20230207,-929610.0
20230208,-2714550.0
20230209,105960.0
20230210,-3182050.0
20230213,1846720.0
20230214,-2046270.0
20230215,2975090.0
20230216,-2728820.0
20230217,-5677360.0
20230220,-4765910.0
20230221,9480.0
20230222,-2668610.0
20230223,-5799040.0
20230224,3315950.0
20230227,-880890.0
20230228,453470.0
20230301,-50060.0
20230302,-5458880.0
20230303,28321800.0
20230306,2141380.0
20230307,-16588140.0
20230308,5083900.0
20230309,-9743920.0
20230310,-10404680.0
20230313,1184440.0
20230314,-3401960.0
20230315,1870290.0
20230316,-14402060.0
20230317,-1326590.0
20230320,-2877660.0
20230321,4857580.0
20230322,-10315900.0
20230323,-2571510.0
20230324,-5182470.0
20230327,-3653890.0
20230328,377420.0
20230329,-6368100.0
20230330,-8007090.0
20230331,-3481340.0
20230403,3217540.0
20230404,-1103860.0
20230406,4363880.0
20230407,-7369820.0
20230410,-346040.0
20230411,-4298260.0
20230412,145190.0
20230413,-1690250.0
20230414,173550.0
20230417,7048050.0
20230418,-3455360.0
20230419,-6736440.0
20230420,-12068280.0
20230421,2169670.0
20230424,-7181050.0
20230425,-6751380.0
20230426,1031560.0
20230427,5072650.0
20230428,1845670.0
20230504,-6404320.0
20230505,3200200.0
20230508,8402660.0
20230509,-1778780.0
20230510,677110.0
20230511,-7346430.0
20230512,-5178720.0
20230515,3072910.0
20230516,-3732130.0
20230517,7022630.0
20230518,-4257400.0
20230519,3425270.0
20230522,-778410.0
20230523,-1714600.0
20230524,-6424820.0
20230525,-2912970.0
20230526,868660.0
20230529,1720960.0
20230530,-11684120.0
20230531,6143630.0
20230601,-2814480.0
20230602,-2743390.0
20230605,-1676360.0
20230606,-3842250.0
20230607,-7596240.0
20230608,-1578920.0
20230609,1733760.0
20230612,-4228530.0
20230613,-3123980.0
20230614,-5839600.0
20230615,3106860.0
20230616,1064050.0
20230619,-2800210.0
20230620,-683890.0
20230621,-3049020.0
20230626,-1670410.0
20230627,-736200.0
20230628,1287740.0
20230629,8778730.0
20230630,18970820.0
20230703,-10313370.0
20230704,-12679430.0
20230705,-7439930.0
20230706,-1765260.0
20230707,93010.0
20230710,609190.0
20230711,646080.0
20230712,1596470.0
20230713,-770410.0
20230714,-1151200.0
20230717,-299780.0
20230718,3735370.0
20230719,-771420.0
20230720,-4272800.0
20230721,-6160050.0
20230724,2338220.0
20230725,260160.0
20230726,-82700.0
20230727,711880.0
20230728,-77340.0
20230731,-645590.0
20230801,-1797990.0
20230802,-2429710.0
20230803,-241060.0
20230804,-3650950.0
20230807,-4567620.0
20230808,-1593690.0
20230809,-383690.0
20230810,-2257850.0
20230811,-1432130.0
20230814,-48070.0
20230815,-393720.0
20230816,-2249850.0
20230817,1994570.0
20230818,133800.0
20230821,1092180.0
20230822,-198910.0
20230823,-1882770.0
20230824,-1018560.0
20230825,-1170730.0
20230828,2229480.0
20230829,342180.0
20230830,-618800.0
20230831,-2717070.0
20230901,1546890.0
20230904,-1205120.0
20230905,-7965870.0
20230906,10177860.0
20230907,-3869820.0
20230908,5465070.0
20230911,-1884550.0
20230912,-2970520.0
20230913,1186100.0
20230914,1409600.0
20230915,5698120.0
20230918,386050.0
20230919,-1299380.0
20230920,-10501520.0
20230921,-2695720.0
20230922,-5026960.0
20230925,-7210270.0
20230926,-126450.0
20230927,705580.0
20230928,1104850.0
20231009,-1482620.0
20231010,61800.0
20231011,-2760550.0
20231012,356960.0
20231013,-4173760.0
20231016,-1296110.0
20231017,-376340.0
20231018,-1899540.0
20231019,-1609720.0
20231020,-1771520.0
20231023,-2725710.0
20231024,-18190.0
20231025,2050930.0
20231026,-207140.0
20231027,-296630.0
20231030,-1405170.0
20231031,-1136860.0
20231101,-1217530.0
20231102,-3299140.0
20231103,1246530.0
20231106,160070.0
20231107,-1685210.0
20231108,-172400.0
20231109,-827190.0
20231110,1676800.0
20231113,5409460.0
20231114,-2249560.0
20231115,-1111230.0
20231116,-608320.0
20231117,-1518730.0
20231120,3177970.0
20231121,-2883980.0
20231122,-2626840.0
20231123,-53790.0
20231124,-2115120.0
20231127,-3610940.0
20231128,-1780860.0
20231129,282230.0
20231130,-794210.0
20231201,-269100.0
20231204,676320.0
20231205,-2242240.0
20231206,1684460.0
20231207,-1477390.0
20231208,292010.0
20231211,1668740.0
20231212,-693970.0
20231213,-997730.0
20231214,-1951870.0
20231215,-1720310.0
20231218,-827290.0
20231219,130370.0
20231220,-3645060.0
20231221,-2107720.0
20231222,3704640.0
20231225,7558160.0
20231226,-909280.0
20231227,-2119240.0
20231228,3284700.0
20231229,1341300.0
20240102,1678530.0
20240103,-4755200.0
20240104,-5377700.0
20240105,-5511210.0
20240108,-3416520.0
20240109,2233280.0
20240110,494850.0
20240111,1090670.0
20240112,-250910.0
20240115,-8954180.0
20240116,-4672440.0
20240117,-3957480.0
20240118,-501300.0
20240119,-1254130.0
20240122,-2864470.0
20240123,-906470.0
20240124,-520380.0
20240125,3104440.0
20240126,-2117540.0
20240129,-2304450.0
20240130,-169180.0
20240131,-3048390.0
20240201,-2290790.0
20240202,-5953120.0
20240205,-4242200.0
20240206,1165600.0
20240207,-2575680.0
20240208,-2029150.0
20240219,-2282910.0
20240220,-2356780.0
20240221,4960470.0
20240222,-4418160.0
20240223,-1060580.0
20240226,2391080.0
20240227,-145670.0
20240228,-1052490.0
20240229,-1373200.0
20240301,2079770.0
20240304,-964310.0
20240305,4908230.0
20240306,3055420.0
20240307,-4033870.0
20240308,-2307950.0
20240311,2290090.0
20240312,2710930.0
20240313,3392060.0
20240314,-2600100.0
20240315,-2575340.0
20240318,1212880.0
20240319,155620.0
20240320,-4629040.0
20240321,-113520.0
20240322,-5361720.0
20240325,-1816660.0
20240326,-1216200.0
20240327,-2111410.0
20240328,593930.0
20240329,-1654930.0
20240401,-1241490.0
20240402,289740.0
20240403,-3232520.0
20240408,-2108550.0
20240409,702970.0
20240410,-3769250.0
20240411,-1553280.0
20240412,-849000.0
20240415,1125270.0
20240416,-1576660.0
20240417,760980.0
20240418,-793350.0
20240419,3927410.0
20240422,6798520.0
20240423,-1530530.0
20240424,4704370.0
20240425,-3567510.0
20240426,363610.0
20240429,1509500.0
20240430,-4486980.0
20240506,-1247300.0
20240507,6216860.0
20240508,-6107520.0
20240509,15166400.0
20240510,-7625050.0
20240513,6473070.0
20240514,-1941900.0
20240515,-5287290.0
20240516,-534960.0
20240517,1159740.0
20240520,6226840.0
20240521,466720.0
20240522,-5453130.0
20240523,-6996670.0
20240524,-3822500.0
20240527,1133050.0
20240528,4339640.0
20240529,-1679230.0
20240530,-318460.0
20240531,-1736480.0
20240603,-1037170.0
20240604,3322330.0
20240605,6715950.0
20240606,3234190.0
20240607,10445250.0
20240611,2251050.0
20240612,-3237640.0
20240613,-6484020.0
20240614,-3745390.0
20240617,1385580.0
20240618,-979740.0
20240619,-1609160.0
20240620,-6911320.0
20240621,-3156220.0
20240624,28050.0
20240625,-3310720.0
20240626,1549040.0
20240627,-3206350.0
20240628,1518340.0
20240701,-545930.0
20240702,-285570.0
20240703,-1415460.0
20240704,-2220160.0
20240705,-553700.0
20240708,2313850.0
20240709,2332410.0
20240710,-930430.0
20240711,2599220.0
20240712,-1713310.0
20240715,-2166290.0
20240716,2056810.0
20240717,686910.0
20240718,4568940.0
20240719,-2462940.0
20240722,-6319860.0
20240723,-10757570.0
20240724,-3004670.0
20240725,-5797520.0
20240726,6006980.0
20240729,150580.0
20240730,-3688090.0
20240731,-4829220.0
20240801,-4179760.0
20240802,-2881610.0
20240805,-7199510.0
20240806,-2211040.0
20240807,50250.0
20240808,-5880900.0
20240809,-2186940.0
20240812,168330.0
20240813,-766140.0
20240814,174970.0
20240815,-866480.0
20240816,-10568860.0
20240819,-6699880.0
20240820,-3682480.0
20240821,-4384790.0
20240822,-733360.0
20240823,2258790.0
20240826,-131550.0
20240827,-308650.0
20240828,2952890.0
20240829,-172830.0
20240830,905260.0
20240902,-2485600.0
20240903,490440.0
20240904,2094600.0
20240905,-2007730.0
20240906,-2970400.0
20240909,-5950950.0
20240910,-3908740.0
20240911,-1544290.0
20240912,-644080.0
20240913,-716520.0
20240918,-4601300.0
20240919,1942550.0
20240920,-890620.0
20240923,-985510.0
20240924,1938360.0
20240925,2635500.0
20240926,-2837670.0
20240927,-549120.0
20240930,981650.0
20241008,-21546130.0
20241009,2156730.0
20241010,-6750110.0
20241011,-5483780.0
20241014,-2755540.0
20241015,-794370.0
20241016,-936300.0
20241017,3141910.0
20241018,13041240.0
20241021,-4998730.0
20241022,-7327410.0
20241023,5836760.0
20241024,-3982640.0
20241025,1733390.0
20241028,-350040.0
20241029,-12334000.0
20241030,-1318600.0
20241031,-1138260.0
20241101,-13326370.0
20241104,4511430.0
20241105,7499900.0
20241106,-31590310.0
20241107,-10333560.0
20241108,3354860.0
20241111,-13928620.0
20241112,-25893210.0
20241113,-1182300.0
20241114,-6041200.0
20241115,-7933510.0
20241118,2259920.0
20241119,-6041250.0
20241120,466770.0
20241121,-3022140.0
20241122,-12172900.0
20241125,-6305660.0
20241126,-192580.0
20241127,1036600.0
20241128,-1316530.0
20241129,-3325880.0
20241202,-3067960.0
20241203,-4810910.0
20241204,-2404060.0
20241205,-1133570.0
20241206,2142680.0
20241209,-6318330.0
20241210,-688280.0
20241211,-2641420.0
20241212,4230190.0
20241213,-4115320.0
20241216,-1210990.0
20241217,-2109980.0
20241218,3292140.0
20241219,-5194700.0
20241220,-2717640.0
20241223,-2495060.0
20241224,2188310.0
20241225,-1519000.0
20241226,-723400.0
20241227,6206490.0
20241230,196960.0
20241231,5864050.0
20250102,-14444700.0
20250103,-3566340.0
20250106,-2247720.0
20250107,-2509050.0
20250108,-4949710.0
20250109,12163860.0
20250110,-9835190.0
20250113,-3352670.0
20250114,3778800.0
20250115,-2155890.0
20250116,926920.0
20250117,-696580.0
20250120,-1581480.0
20250121,-4716210.0
20250122,-598330.0
20250123,-4457380.0
20250124,1953090.0
20250127,354240.0
20250205,-63710.0
20250206,3014800.0
20250207,4070760.0
20250210,-4461800.0
20250211,-4076220.0
20250212,467650.0
20250213,2598470.0
20250214,-2257190.0
20250217,-15732490.0
20250218,-9079160.0
20250219,1949360.0
20250220,2383750.0
20250221,-2232230.0
20250224,3695570.0
20250225,-7876320.0
20250226,-5078490.0
20250227,-6663800.0
20250228,-2787170.0
20250303,-209450.0
20250304,4880470.0
20250305,-2657290.0
20250306,180780.0
20250307,4421290.0
20250310,3250410.0
20250311,5810280.0
20250312,-3036150.0
20250313,-7127340.0
20250314,3409820.0
20250317,-607420.0
20250318,-3968500.0
20250319,-4375090.0
20250320,11290570.0
20250321,961450.0
20250324,-12708150.0
20250325,-2420220.0
20250326,2003950.0
20250327,-399380.0
20250328,-4503410.0
20250331,-8804570.0
20250401,-787390.0
20250402,-4829700.0
20250403,-6980390.0
20250407,-13647370.0
20250408,-4223500.0
20250409,5561290.0
20250410,-4010370.0
20250411,-4658600.0
20250414,949080.0
20250415,-3446070.0
20250416,2965550.0
20250417,-2890140.0
20250418,-5244460.0
20250421,1961750.0
20250422,-651270.0
20250423,-3768700.0
20250424,-7045680.0
20250425,-2026910.0
20250428,-3949310.0
20250429,-915930.0
20250430,1094730.0
20250506,1183810.0
20250507,3168930.0
20250508,-8393790.0
20250509,-17609230.0
20250512,9393860.0
20250513,-15991860.0
20250514,-932140.0
20250515,-6055290.0
20250516,5795340.0
20250519,12617460.0
20250520,-1214400.0
20250521,222180.0
20250522,-181870.0
20250523,-5349330.0
20250526,-668750.0
20250527,-2974510.0
20250528,752470.0
20250529,12661680.0
20250530,366940.0
20250603,1628350.0
20250604,-3434340.0
20250605,-12422920.0
20250606,-2210630.0
20250609,15332730.0
20250610,-723680.0
20250611,2403490.0
20250612,747660.0
20250613,8500420.0
20250616,-2630920.0
20250617,-4318460.0
20250618,519280.0
20250619,-10754930.0
20250620,-7933090.0
20250623,-7750.0
20250624,-1111090.0
20250625,20166420.0
20250626,-11265260.0
20250627,1805340.0
20250630,7789750.0
20250701,7743660.0
20250702,-12868620.0
20250703,-5867480.0
20250704,-5511850.0
20250707,2062450.0
20250708,-3362880.0
20250709,5926430.0
20250710,-10941530.0
20250711,8683120.0
20250714,-1250980.0
20250715,2058150.0
20250716,-2434800.0
20250717,16060990.0
20250718,7813620.0
20250721,-9681850.0
20250722,-3212970.0
20250723,-9455400.0
20250724,9540600.0
20250725,-5285730.0
20250728,-2213450.0
20250729,17374890.0
20250730,-12594850.0
20250731,-6340980.0
20250801,-5393860.0
20250804,6701910.0
20250805,1415680.0
20250806,1208590.0
20250807,-15229550.0
20250808,-8309360.0
20250811,480680.0
20250812,-20601120.0
20250813,-12085910.0
20250814,-18789990.0
20250815,-5529350.0
20250818,-8268010.0
20250819,37300.0
20250820,-879830.0
20250821,11069850.0
20250822,-444800.0
20250825,-5915170.0
20250826,-11745430.0
20250827,-16368920.0
20250828,-8533460.0
20250829,-2943210.0
20250901,-7439660.0
20250902,-1468860.0
20250903,-35068570.0
20250904,-19464490.0
20250905,3474560.0
20250908,-13118740.0
20250909,-13298250.0
20250910,-2524030.0
20250911,1680130.0
20250912,-4832050.0
20250915,-3548600.0
20250916,-8746070.0
20250917,-3277090.0
20250918,-3352520.0
20250919,8305150.0
20250922,-3639180.0
20250923,-4435590.0
20250924,1028210.0
20250925,-511060.0
20250926,9419740.0
20250929,3472440.0
20250930,11206810.0
20251009,-7652800.0
20251010,-994720.0
20251013,3372750.0
20251014,-2416390.0
20251015,-5428690.0
20251016,119180.0
20251017,-18085410.0
20251020,-4748710.0
20251021,4652450.0
20251022,2485260.0
20251023,749000.0
20251024,4030520.0
20251027,-4331860.0
20251028,5573170.0
20251029,-1105400.0
20251030,-6683380.0
20251031,-4713210.0
20251103,-5222330.0
20251104,-11754570.0
20251105,-6492720.0
20251106,-24220.0
20251107,-1337000.0
20251110,285170.0
20251111,-3201080.0
20251112,-2018650.0
20251113,-334890.0
20251114,-3515700.0
20251117,1597930.0
20251118,-5597570.0
20251119,722110.0
20251120,-6355540.0
20251121,-8366020.0
20251124,1100260.0
20251125,410110.0
20251126,-4363190.0
20251127,1746090.0
20251128,-2778060.0
20251201,-615770.0
20251202,-1594580.0
20251203,-8006000.0
20251204,-6577220.0
20251205,-526490.0
20251208,1556720.0
20251209,-2957290.0
20251210,824020.0
20251211,-4212340.0
20251212,2494610.0
20251215,13021870.0
20251216,-3237330.0
20251217,151180.0
20251218,4978920.0
20251219,-901210.0
20251222,-2620880.0
20251223,-4211050.0
20251224,3448180.0
20251225,-5037610.0
20251226,-3284700.0
20251229,2185300.0
20251230,-4804800.0
20251231,-102840.0
20260105,4969630.0
20260106,64885180.0
20260107,-22941750.0
20260108,29357510.0
20260109,-16033840.0
20260112,-11127090.0
20260113,-33966030.0
20260114,-10687510.0
20260115,21062480.0
20260116,-4131120.0
20260119,19223820.0
20260120,-93330.0
20260121,2061630.0
20260122,-11060590.0
20260123,-24066150.0
20260126,-27363680.0
20260127,11900660.0
20260128,-1246390.0
20260129,-9570390.0
20260130,-11438420.0
20260202,2437000.0
20260203,18170710.0
20260204,1150520.0
20260205,-5418310.0
20260206,-1347180.0
20260209,8591850.0
20260210,6146220.0
20260211,-6193410.0
20260212,15902020.0
20260213,12662640.0
20260224,574740.0
20260225,-6407640.0
20260226,17560710.0
20260227,-643160.0
20260302,5905300.0
20260303,-38702950.0
20260304,-11317630.0
20260305,-16234970.0
20260306,2655490.0
20260309,-8021650.0
20260310,815260.0
20260311,-16405190.0
20260312,-15732340.0
20260313,-8238380.0
20260316,5633380.0
20260317,-7173170.0
20260318,3562000.0
20260319,-10214890.0
20260320,-7693080.0
20260323,-6165650.0
20260324,4235830.0
20260325,3219200.0
20260326,-4297560.0
20260327,1760490.0
20260330,-1674490.0
20260331,-5947360.0
20260401,-342520.0
20260402,-3917130.0
20260403,-3490260.0
20260407,-7079240.0
20260408,4507300.0
20260409,504650.0
20260410,-4685670.0
20260413,8110330.0
20260414,-6332030.0
20260415,-1177130.0
20260416,-1579980.0
20260417,-5077400.0
20260420,2792130.0
20260421,-7078060.0
20260422,-4855190.0
20260423,1251110.0
20260424,-4991380.0
20260427,-5216250.0
20260428,-3919670.0
20260429,-7749540.0
20260430,-3371980.0
20260506,-13757330.0
20260507,-8474860.0
20260508,7344920.0
20260511,-12415860.0
20260512,5507780.0
20260513,-14796750.0
20260514,-20117740.0
20260515,-8997610.0
20260518,-20928940.0
20260519,-4885640.0
20260520,-8660590.0
20260521,-14092330.0
20260522,-22729180.0
20260525,-7691930.0
20260526,5845760.0
20260527,-4874770.0
20260528,-1331200.0
20260529,-614850.0
20260601,629420.0
20260602,1509590.0
20260603,-5633160.0
20260604,-18741100.0
20260605,-6301600.0
20260608,-10431690.0
20260609,-4107890.0
20260610,-3769650.0
20260611,6373700.0
20260612,30822640.0
20260615,-34318230.0
20260616,-5217910.0
20260617,1042860.0
20260618,-9721520.0
20260622,3424290.0
20260623,-10568040.0
20260624,-2702850.0
20260625,-1847350.0
20260626,-5065860.0
20260629,609160.0
20260630,3753270.0
20260701,3796420.0
20260702,-2952220.0
20260703,8843440.0
20260706,-4320180.0
20260707,-3141820.0
20260708,-3164830.0
20260709,-5165220.0
20260710,2152280.0
20260713,-14903360.0
20260714,-4283100.0
20260715,601640.0
20260716,176390.0
20260717,-2613640.0
20260720,1379140.0
20260721,-3035130.0
20260722,-1492560.0
20260723,1157420.0
20260724,-6188430.0
20260727,-867930.0
20260728,-3669890.0
20260729,-10210.0
20260730,-3139290.0
20260731,872870.0
20260803,-3068730.0
20260804,-3894270.0
20260805,1035080.0
20260806,-4369810.0
20260807,1241000.0
20260810,6466430.0
20260811,-5330370.0
20260812,-803450.0
20260813,-3327840.0
20260814,13571030.0
20260817,681930.0
20260818,-5956130.0
20260819,-7866590.0
20260820,-1975210.0
